id,date,company,position,tags,location,salary_min,salary_max,url
1093611,2025-07-12 06:08:36+00:00,The Singleton Group,Work From Home Customer Service Representative,"['admin', 'customer support', 'data entry', 'customer service']",Worldwide,80000,90000,https://remoteOK.com/remote-jobs/remote-work-from-home-customer-service-representative-the-singleton-group-1093611
1093607,2025-07-11 14:43:16+00:00,Lobstr.Io,Backend Developer @ Lobstr.Io Python Scraping Celery,"['dev', 'python', 'backend', 'redis', 'remote', 'api', 'tech lead', 'docker', 'cybersecurity', 'architecture']",Worldwide,30000,40000,https://remoteOK.com/remote-jobs/remote-backend-developer-lobstr-io-python-scraping-celery-lobstr-io-1093607
1093606,2025-07-11 11:00:03+00:00,Caiz,Chief Executive Officer Crypto Blockchain,"['crypto', 'cryptocurrency', 'system', 'security', 'ceo', 'support', 'voice', 'financial', 'investor', 'finance', 'fintech', 'leader', 'strategy', 'lead', 'senior', 'legal', 'executive']",Worldwide,50000,100000,https://remoteOK.com/remote-jobs/remote-chief-executive-officer-crypto-blockchain-caiz-1093606
1093598,2025-07-10 15:00:10+00:00,Yassir,Senior Mobile Ios Engineer,"['ios', 'design', 'redis', 'frontend', 'back-end', 'technical', 'code', 'web', 'financial', 'fintech', 'cloud', 'mobile', 'senior', 'go', 'engineer', 'engineering', 'digital nomad']",Worldwide,60000,120000,https://remoteOK.com/remote-jobs/remote-senior-mobile-ios-engineer-yassir-1093598
1093596,2025-07-10 13:00:03+00:00,Anchorage Digital,Member Of Technical Staff Transparency,"['design', 'crypto', 'front-end', 'back-end', 'security', 'technical', 'support', 'software', 'test', 'growth', 'code', 'financial', 'finance', 'bank', 'legal', 'engineering', 'digital nomad']",United States,60000,115000,https://remoteOK.com/remote-jobs/remote-member-of-technical-staff-transparency-anchorage-digital-1093596
1093595,2025-07-10 11:00:04+00:00,Spearbit,Security Researcher,"['security', 'defi', 'ethereum', 'technical', 'senior']",Worldwide,60000,120000,https://remoteOK.com/remote-jobs/remote-security-researcher-spearbit-1093595
1093589,2025-07-09 11:37:47+00:00,Gymflow,Customer Onboarding & Support Specialist,"['saas', 'customer support', 'onboarding']",Worldwide,50000,70000,https://remoteOK.com/remote-jobs/remote-customer-onboarding-support-specialist-gymflow-1093589
1093588,2025-07-09 11:35:52+00:00,Prezly,Senior Ts React Developer,"['front end', 'javascript', 'typescript', 'react']",Worldwide,50000,80000,https://remoteOK.com/remote-jobs/remote-senior-ts-react-developer-prezly-1093588
1093571,2025-07-09 00:00:09+00:00,Cloudwalk,Ai Driven Engineer Ruby,"['technical', 'software', 'test', 'growth', 'code', 'financial', 'fintech', 'banking', 'bank', 'ruby', 'rails', 'management', 'marketing', 'engineer', 'engineering', 'backend']",Sã£O Paulo,62500,115000,https://remoteOK.com/remote-jobs/remote-ai-driven-engineer-ruby-cloudwalk-1093571
1093568,2025-07-08 08:00:04+00:00,Immutable,Senior Security Engineer,"['security', 'saas', 'web3', 'crypto', 'ethereum', 'game', 'gaming', 'technical', 'support', 'growth', 'leader', 'strategy', 'lead', 'senior', 'operations', 'health', 'engineer', 'recruitment']",Australia,45000,125000,https://remoteOK.com/remote-jobs/remote-senior-security-engineer-immutable-1093568
1093565,2025-07-07 17:21:00+00:00,Loancrate,Software Engineer,"['senior', 'full stack', 'javascript', 'typescript', 'react', 'node', 'postgres', 'aws', 'tailwind', 'remote', 'startup']",Worldwide,10000,750000,https://remoteOK.com/remote-jobs/remote-software-engineer-loancrate-1093565
1093564,2025-07-07 15:11:14+00:00,Telus Digital,Us Rater,"['social media', 'media', 'advertisement', 'feedback', 'seo', 'online']",Worldwide,10000,10000,https://remoteOK.com/remote-jobs/remote-us-rater-telus-digital-1093564
1093562,2025-07-07 11:31:11+00:00,Ascendad,Business Development Manager Ad Tech,"['marketing', 'mobile', 'ads']",Worldwide,30000,50000,https://remoteOK.com/remote-jobs/remote-business-development-manager-ad-tech-ascendad-1093562
1093559,2025-07-07 09:00:04+00:00,Wintermute,Senior Developer,"['developer', 'design', 'web3', 'defi', 'crypto', 'ux', 'code', 'financial', 'finance', 'leader', 'senior', 'digital nomad']",London / Remote,45000,125000,https://remoteOK.com/remote-jobs/remote-senior-developer-wintermute-1093559
1093557,2025-07-07 07:00:03+00:00,Espresso,Partnerships Lead,"['crypto', 'technical', 'developer', 'lead', 'engineering', 'digital nomad']",Remote,40000,80000,https://remoteOK.com/remote-jobs/remote-partnerships-lead-espresso-1093557
1093556,2025-07-07 06:52:04+00:00,Remote Chess Academy,Social Media Content Creator,"['design', 'social media', 'video editing', 'content creation']",Worldwide,20000,30000,https://remoteOK.com/remote-jobs/remote-social-media-content-creator-remote-chess-academy-1093556
1093554,2025-07-06 13:00:02+00:00,Sumo Group,Principal Game Designer,"['game', 'design', 'gaming', 'designer', 'support', 'voice', 'strategy', 'recruitment', 'digital nomad']",Sumo Sheffield,100000,165000,https://remoteOK.com/remote-jobs/remote-principal-game-designer-sumo-group-1093554
1093524,2025-07-04 18:00:05+00:00,Best Egg,Lead Software Engineer Ii Backend,"['software', 'design', 'front-end', 'python', 'technical', 'support', 'test', 'growth', 'code', 'web', 'financial', 'api', 'mobile', 'lead', 'analytics', 'health', 'engineer', 'backend', 'digital nomad']",Remote / Flexible,60000,122500,https://remoteOK.com/remote-jobs/remote-lead-software-engineer-ii-backend-best-egg-1093524
1093520,2025-07-04 08:53:02+00:00,Spiralyze,Ui Ux Designer,"['design', 'web design', 'ui/ux design']",Worldwide,10000,40000,https://remoteOK.com/remote-jobs/remote-ui-ux-designer-spiralyze-1093520
1093516,2025-07-04 00:51:09+00:00,Launchbrightly,Application Engineer,"['engineer', 'dev', 'javascript', 'front end', 'api', 'graphql', 'vue', 'typescript', 'dynamodb']",Worldwide,50000,60000,https://remoteOK.com/remote-jobs/remote-application-engineer-launchbrightly-1093516
1093511,2025-07-03 17:21:47+00:00,Telus Digital,Personalized Internet Assessor,"['user experience', 'freelancer']",Worldwide,10000,20000,https://remoteOK.com/remote-jobs/remote-personalized-internet-assessor-telus-digital-1093511
1093509,2025-07-03 14:00:06+00:00,Coingecko,Senior Product Manager Data,"['manager', 'design', 'crypto', 'cryptocurrency', 'training', 'technical', 'support', 'test', 'financial', 'education', 'leader', 'strategy', 'lead', 'senior', 'junior', 'executive', 'digital nomad']",Malaysia,50000,102500,https://remoteOK.com/remote-jobs/remote-senior-product-manager-data-coingecko-1093509
1093508,2025-07-03 13:24:01+00:00,Green Stuff World,Svelte Developer,"['dev', 'javascript', 'typescript', 'svelte', 'tailwind', 'kotlin']",Worldwide,30000,40000,https://remoteOK.com/remote-jobs/remote-svelte-developer-green-stuff-world-1093508
1093507,2025-07-03 13:00:03+00:00,Readme,Full Stack Engineer,"['system', 'technical', 'support', 'developer', 'growth', 'code', 'web', 'api', 'engineer', 'engineering', 'digital nomad']",Worldwide,65000,117500,https://remoteOK.com/remote-jobs/remote-full-stack-engineer-readme-1093507
1093506,2025-07-03 12:00:03+00:00,Aurora Labs,Senior Software Engineer,"['software', 'design', 'web3', 'defi', 'solidity', 'react', 'frontend', 'technical', 'developer', 'serverless', 'cloud', 'senior', 'engineer', 'engineering', 'backend', 'digital nomad']",Remote,60000,132500,https://remoteOK.com/remote-jobs/remote-senior-software-engineer-aurora-labs-1093506
1093504,2025-07-03 10:29:22+00:00,Modelvault,Senior Software Engineer,"['dev', 'full stack', 'infra']",Worldwide,60000,80000,https://remoteOK.com/remote-jobs/remote-senior-software-engineer-modelvault-1093504
1093502,2025-07-03 10:23:51+00:00,Modelvault,Founding Product Lead,"['infra', 'product manager', 'ai']",Worldwide,60000,90000,https://remoteOK.com/remote-jobs/remote-founding-product-lead-modelvault-1093502
1093500,2025-07-02 19:00:02+00:00,Trunk.Io,Software Engineer Ii,"['software', 'swift', 'front-end', 'full-stack', 'support', 'developer', 'ui', 'ux', 'code', 'web', 'node', 'operational', 'reliability', 'engineer', 'engineering', 'digital nomad']",Remote Us Or Canada,60000,120000,https://remoteOK.com/remote-jobs/remote-software-engineer-ii-trunk-io-1093500
1093492,2025-07-02 05:00:04+00:00,Pingcap,Emea Solutions Engineer,"['design', 'system', 'technical', 'support', 'software', 'financial', 'cloud', 'nosql', 'management', 'content', 'senior', 'marketing', 'sales', 'engineer', 'linux', 'executive', 'e-commerce', 'digital nomad']","Remote In Germany, Netherlands, The United Kingdom And Ireland",60000,120000,https://remoteOK.com/remote-jobs/remote-emea-solutions-engineer-pingcap-1093492
1093490,2025-07-02 00:00:08+00:00,Happyco,Customer Support Operations Lead,"['saas', 'training', 'support', 'happiness', 'qa', 'cloud', 'mobile', 'strategy', 'management', 'lead', 'operations', 'operational', 'recruitment', 'educational']",Usa,55000,80000,https://remoteOK.com/remote-jobs/remote-customer-support-operations-lead-happyco-1093490
1093483,2025-07-01 10:00:02+00:00,Arbitrum Foundation,Growth Marketer,"['growth', 'design', 'web3', 'defi', 'ethereum', 'security', 'consultant', 'support', 'education', 'finance', 'strategy', 'management', 'lead', 'content', 'marketer', 'marketing', 'analytics', 'health', 'healthcare', 'recruitment', 'full-time', 'digital nomad']",Worldwide,42500,100000,https://remoteOK.com/remote-jobs/remote-growth-marketer-arbitrum-foundation-1093483
1093481,2025-06-30 18:00:04+00:00,Pano Ai,Senior Software Engineer Full Stack,"['software', 'design', 'saas', 'salesforce', 'system', 'front-end', 'frontend', 'security', 'docker', 'technical', 'support', 'growth', 'code', 'web', 'devops', 'java', 'cloud', 'git', 'leader', 'senior', 'health', 'recruiting', 'engineer', 'backend', 'digital nomad']","San Francisco, California",60000,125000,https://remoteOK.com/remote-jobs/remote-senior-software-engineer-full-stack-pano-ai-1093481
1093480,2025-06-30 16:00:05+00:00,Guidewell,Fullstack Developer Js Developer,"['developer', 'design', 'react', 'system', 'training', 'technical', 'testing', 'web', 'js', 'javascript', 'java', 'nodejs', 'mern', 'mobile', 'management', 'lead', 'senior', 'jquery', 'health', 'fullstack', 'digital nomad']",Worldwide,60000,120000,https://remoteOK.com/remote-jobs/remote-fullstack-developer-js-developer-guidewell-1093480
1093479,2025-06-30 12:00:04+00:00,Trueml,Data Engineer Ii,"['design', 'python', 'technical', 'support', 'software', 'code', 'financial', 'cloud', 'senior', 'engineer', 'engineering', 'apache', 'digital nomad']",Worldwide,60000,135000,https://remoteOK.com/remote-jobs/remote-data-engineer-ii-trueml-1093479
1093475,2025-06-29 15:00:02+00:00,Medely,Back End Engineer,"['system', 'technical', 'recruiter', 'support', 'software', 'code', 'javascript', 'ruby', 'rails', 'api', 'mobile', 'strategy', 'management', 'senior', 'healthcare', 'recruiting', 'engineer', 'engineering']",Worldwide,65000,120000,https://remoteOK.com/remote-jobs/remote-back-end-engineer-medely-1093475
1093474,2025-06-29 10:15:03+00:00,Doit,Senior Backend Engineer,"['golang', 'senior', 'engineer', 'engineering', 'backend', 'full-time']",Worldwide,60000,112500,https://remoteOK.com/remote-jobs/remote-senior-backend-engineer-doit-1093474
1093473,2025-06-28 20:00:06+00:00,Medely,Staff Front End Engineer,"['design', 'react', 'graphql', 'architect', 'technical', 'recruiter', 'support', 'software', 'director', 'code', 'web', 'mobile', 'management', 'lead', 'healthcare', 'recruiting', 'engineer', 'engineering', 'digital nomad']",Worldwide,70000,160000,https://remoteOK.com/remote-jobs/remote-staff-front-end-engineer-medely-1093473
1093472,2025-06-28 17:00:01+00:00,Commonwealth Fusion Systems,Senior Scientific Software Engineer Magnet Protection Systems,"['software', 'system', 'python', 'technical', 'test', 'growth', 'code', 'travel', 'lead', 'senior', 'operational', 'excel', 'engineer', 'full-time']","Devens, Ma",60000,135000,https://remoteOK.com/remote-jobs/remote-senior-scientific-software-engineer-magnet-protection-systems-commonwealth-fusion-systems-1093472
1093469,2025-06-27 19:15:03+00:00,Launchdarkly,Staff Engineer Distributed Systems,"['golang', 'software', 'engineer']",Worldwide,60000,117500,https://remoteOK.com/remote-jobs/remote-staff-engineer-distributed-systems-launchdarkly-1093469
1093465,2025-06-26 22:00:04+00:00,2100 Nvidia Usa,Senior Site Reliability Engineer Ml Platforms,"['system', 'python', 'training', 'support', 'software', 'code', 'devops', 'cloud', 'leader', 'management', 'senior', 'operational', 'reliability', 'go', 'engineer', 'engineering']","Us, Ca, Santa Clara",60000,135000,https://remoteOK.com/remote-jobs/remote-senior-site-reliability-engineer-ml-platforms-2100-nvidia-usa-1093465
1093463,2025-06-26 18:15:04+00:00,Temporal,Senior Software Engineer Open Source Server,"['golang', 'software', 'senior', 'engineer']",Worldwide,60000,130000,https://remoteOK.com/remote-jobs/remote-senior-software-engineer-open-source-server-temporal-1093463
1093462,2025-06-26 18:15:03+00:00,Unikraft,Golang Engineer,"['golang', 'software', 'cloud', 'golang', 'engineer']",Worldwide,55000,100000,https://remoteOK.com/remote-jobs/remote-golang-engineer-unikraft-1093462
1093459,2025-06-26 16:15:03+00:00,Unikraft,Golang Engineer,"['golang', 'software', 'cloud', 'golang', 'engineer']",Worldwide,55000,100000,https://remoteOK.com/remote-jobs/remote-golang-engineer-unikraft-1093459
1093458,2025-06-26 11:26:17+00:00,Orga Ai,Senior Python Backend Engineer,"['dev', 'python', 'senior', 'backend', 'ops', 'startup', 'aws']",Worldwide,40000,60000,https://remoteOK.com/remote-jobs/remote-senior-python-backend-engineer-orga-ai-1093458
1093457,2025-06-26 09:15:02+00:00,Godevs,Go Developer Consultant,"['golang', 'consultant', 'developer', 'go', 'engineering', 'backend', 'digital nomad']",Worldwide,55000,100000,https://remoteOK.com/remote-jobs/remote-go-developer-consultant-godevs-1093457
1093456,2025-06-26 08:00:11+00:00,Hex Trust,Vp Associate Talent Acquisition,"['web3', 'crypto', 'hr', 'training', 'support', 'growth', 'financial', 'fintech', 'banking', 'strategy', 'lead', 'senior', 'operations', 'analytics', 'health', 'recruitment', 'branding', 'executive']",Hong Kong,45000,130000,https://remoteOK.com/remote-jobs/remote-vp-associate-talent-acquisition-hex-trust-1093456
1093455,2025-06-26 08:00:03+00:00,Mysten Labs,Software Engineer Interop,"['software', 'design', 'technical', 'support', 'growth', 'education', 'investment', 'finance', 'c++', 'reliability', 'engineer', 'digital nomad']",Worldwide,70000,135000,https://remoteOK.com/remote-jobs/remote-software-engineer-interop-mysten-labs-1093455
1093453,2025-06-25 19:15:03+00:00,Gametime,Senior Backend Engineer Ii,"['golang', 'senior', 'engineer', 'backend']",Worldwide,60000,115000,https://remoteOK.com/remote-jobs/remote-senior-backend-engineer-ii-gametime-1093453
1093452,2025-06-25 18:15:02+00:00,Inngest,Infrastructure Engineer,"['golang', 'developer', 'engineer', 'engineering', 'digital nomad']",Worldwide,60000,115000,https://remoteOK.com/remote-jobs/remote-infrastructure-engineer-inngest-1093452
1093451,2025-06-25 17:36:57+00:00,Interviews Chat,React Native Developer,"['dev', 'react native']",Worldwide,60000,120000,https://remoteOK.com/remote-jobs/remote-react-native-developer-interviews-chat-1093451
1093450,2025-06-25 17:17:07+00:00,Jump,Software Engineer,"['engineer', 'dev', 'full time', 'api']",Worldwide,60000,140000,https://remoteOK.com/remote-jobs/remote-software-engineer-jump-1093450
1093448,2025-06-25 08:01:40+00:00,Included Health,Mental Health Therapist,"['support', 'medical', 'health', 'healthcare', 'recruiting', 'non tech']",Remote,35000,55000,https://remoteOK.com/remote-jobs/remote-mental-health-therapist-included-health-1093448
1093447,2025-06-25 00:02:14+00:00,Allegiant,Heavy Maintenance Representative,"['director', 'travel', 'manager', 'financial', 'education', 'senior', 'non tech']","Las Vegas, Nv",47500,92500,https://remoteOK.com/remote-jobs/remote-heavy-maintenance-representative-allegiant-1093447
1093446,2025-06-25 00:01:55+00:00,Transperfect,Freelance Screenshot Collector Chinese,"['ios', 'macos', 'content']",Worldwide,60000,200000,https://remoteOK.com/remote-jobs/remote-freelance-screenshot-collector-chinese-transperfect-1093446
1093445,2025-06-24 20:00:23+00:00,Moonpay,Workday Hr Systems Analyst,"['hr', 'analyst', 'web3', 'crypto', 'system', 'security', 'training', 'recruiter', 'support', 'software', 'voice', 'manager', 'video', 'lead', 'operations', 'operational']",Worldwide,45000,80000,https://remoteOK.com/remote-jobs/remote-workday-hr-systems-analyst-moonpay-1093445
1093444,2025-06-24 20:00:17+00:00,Finoa,Information Security Officer,"['security', 'crypto', 'cryptocurrency', 'training', 'technical', 'support', 'growth', 'management']",Worldwide,40000,80000,https://remoteOK.com/remote-jobs/remote-information-security-officer-finoa-1093444
1093443,2025-06-24 20:00:10+00:00,Io Global,Software Engineer Ledger Ioe Cardano,"['software', 'web3', 'testing', 'code', 'finance', 'haskell', 'git', 'operations', 'engineer', 'engineering']",Worldwide,57500,125000,https://remoteOK.com/remote-jobs/remote-software-engineer-ledger-ioe-cardano-io-global-1093443
1093442,2025-06-24 20:00:03+00:00,Keyrock,Pr & Events Intern Digital Assets,"['design', 'web3', 'defi', 'crypto', 'nft', 'support', 'growth', 'manager', 'management', 'marketing', 'recruitment', 'branding', 'internship', 'digital nomad']",Worldwide,40000,80000,https://remoteOK.com/remote-jobs/remote-pr-events-intern-digital-assets-keyrock-1093442
1093441,2025-06-24 19:15:02+00:00,Onesignal,Senior Staff Software Engineer Backend,"['golang', 'software', 'web', 'mobile', 'senior', 'engineer', 'backend']",Worldwide,60000,100000,https://remoteOK.com/remote-jobs/remote-senior-staff-software-engineer-backend-onesignal-1093441
1093440,2025-06-24 10:15:02+00:00,Autopilot,Opportunity For Golang Experts > Who Can Think And Work Full Stack,"['golang', 'code', 'golang', 'engineer']",Worldwide,50000,100000,https://remoteOK.com/remote-jobs/remote-opportunity-for-golang-experts-who-can-think-and-work-full-stack-autopilot-1093440
1093439,2025-06-24 09:44:52+00:00,Swipe Games,Senior Fullstack Developer,"['dev', 'front end', 'backend', 'full stack', 'javascript', 'node', 'react']",Worldwide,60000,90000,https://remoteOK.com/remote-jobs/remote-senior-fullstack-developer-swipe-games-1093439
1093438,2025-06-24 08:01:21+00:00,Binkies,Customer Content Manager,"['manager', '3d', 'training', 'technical', 'web', 'video', 'content', 'recruitment', 'educational']",Worldwide,60000,70000,https://remoteOK.com/remote-jobs/remote-customer-content-manager-binkies-1093438
1093437,2025-06-24 08:01:06+00:00,Transperfect,English Language Data Annotator,"['react', 'teach', 'training', 'speech', 'management', 'legal', 'recruitment', 'full-time', 'non tech']",Worldwide,60000,150000,https://remoteOK.com/remote-jobs/remote-english-language-data-annotator-transperfect-1093437
1093436,2025-06-23 16:01:46+00:00,Aircall,Customer Support Manager United States,"['manager', 'saas', 'technical', 'support', 'growth', 'director', 'voice', 'management', 'operational', 'sales']",Remote Na,45000,70000,https://remoteOK.com/remote-jobs/remote-customer-support-manager-united-states-aircall-1093436
1093435,2025-06-23 16:01:01+00:00,Transperfect,Freelance English Annotators,"['voice', 'speech']",Worldwide,0,0,https://remoteOK.com/remote-jobs/remote-freelance-english-annotators-transperfect-1093435
1093434,2025-06-22 16:00:09+00:00,2100 Nvidia Usa,Senior System Software Engineer Cloud Networking,"['system', 'software', 'design', 'gaming', 'technical', 'support', 'test', 'growth', 'code', 'cloud', 'leader', 'senior', 'engineer', 'linux', 'digital nomad']","Us, Ca, Santa Clara",70000,130000,https://remoteOK.com/remote-jobs/remote-senior-system-software-engineer-cloud-networking-2100-nvidia-usa-1093434
1093433,2025-06-22 08:01:19+00:00,Highspot,Solutions Consultant,"['consultant', 'salesforce', 'infosec', 'technical', 'support', 'software', 'api', 'microsoft', 'management', 'lead', 'content', 'sales', 'health', 'engineer', 'executive']",United States,62500,115000,https://remoteOK.com/remote-jobs/remote-solutions-consultant-highspot-1093433
1093432,2025-06-22 08:01:12+00:00,Tether Operations Limited,Print & Multimedia Designer,"['design', 'cryptocurrency', 'bitcoin', 'designer', 'support', 'growth', 'financial', 'video', 'fintech', 'leader', 'content', 'ops', 'marketing', 'branding', 'digital nomad']",Worldwide,80000,120000,https://remoteOK.com/remote-jobs/remote-print-multimedia-designer-tether-operations-limited-1093432
1093431,2025-06-22 08:01:04+00:00,Deephealth,Senior Regulatory Specialist,"['design', 'system', 'technical', 'support', 'software', 'travel', 'education', 'management', 'senior', 'marketing', 'healthcare', 'digital nomad']",Worldwide,60000,130000,https://remoteOK.com/remote-jobs/remote-senior-regulatory-specialist-deephealth-1093431
1093430,2025-06-22 00:01:41+00:00,Ibility,Grants Auditor Hybrid With Travel,"['travel', 'design', 'support', 'testing', 'accounting', 'financial', 'management', 'operational', 'excel', 'digital nomad']",Washington Dc,80000,120000,https://remoteOK.com/remote-jobs/remote-grants-auditor-hybrid-with-travel-ibility-1093430
1093427,2025-06-20 17:36:45+00:00,Soda,Senior Ui Ux Designer Data & Ai Platform,"['front end', 'design']",Worldwide,80000,120000,https://remoteOK.com/remote-jobs/remote-senior-ui-ux-designer-data-ai-platform-soda-1093427
1093423,2025-06-20 11:00:05+00:00,Ethena Labs,Compliance Operations Specialist,"['design', 'defi', 'crypto', 'ethereum', 'support', 'growth', 'manager', 'financial', 'investor', 'finance', 'strategy', 'operations', 'operational', 'legal', 'digital nomad']",Globally Remote,70000,115000,https://remoteOK.com/remote-jobs/remote-compliance-operations-specialist-ethena-labs-1093423
1093421,2025-06-20 08:02:10+00:00,Tether Operations Limited,Event Assistant,"['assistant', 'bitcoin', 'support', 'growth', 'travel', 'manager', 'financial', 'fintech', 'microsoft', 'leader', 'management', 'ops', 'executive']",Worldwide,80000,120000,https://remoteOK.com/remote-jobs/remote-event-assistant-tether-operations-limited-1093421
1093416,2025-06-19 16:01:21+00:00,Tinybird,Site Reliability Engineer,"['design', 'ansible', 'system', 'python', 'architect', 'software', 'code', 'web', 'c++', 'cloud', 'reliability', 'health', 'engineer', 'backend', 'digital nomad']",Worldwide,65000,130000,https://remoteOK.com/remote-jobs/remote-site-reliability-engineer-tinybird-1093416
1093415,2025-06-19 12:00:02+00:00,Arbitrum Foundation,Developer Relations Engineer,"['developer', 'web3', 'cryptocurrency', 'ethereum', 'security', 'technical', 'support', 'growth', 'code', 'education', 'finance', 'content', 'health', 'healthcare', 'engineer', 'engineering', 'recruitment', 'educational', 'full-time', 'digital nomad']",Remote,45000,130000,https://remoteOK.com/remote-jobs/remote-developer-relations-engineer-arbitrum-foundation-1093415
1093414,2025-06-19 08:51:50+00:00,Interaction Design Foundation,Organic And Paid Growth Specialist,"['marketing', 'content writing', 'education', 'ads', 'social media']",Worldwide,10000,750000,https://remoteOK.com/remote-jobs/remote-organic-and-paid-growth-specialist-interaction-design-foundation-1093414
1093412,2025-06-19 02:33:42+00:00,Amk Solutions,Senior Full Stack Engineer,['dev'],Worldwide,30000,40000,https://remoteOK.com/remote-jobs/remote-senior-full-stack-engineer-amk-solutions-1093412
1093410,2025-06-18 22:44:47+00:00,Teracy,Founding Engineer,"['dev', 'full stack']",Worldwide,70000,120000,https://remoteOK.com/remote-jobs/remote-founding-engineer-teracy-1093410
1093406,2025-06-18 16:01:18+00:00,Tether Operations Limited,Senior Backend Developer Node,"['developer', 'bitcoin', 'security', 'growth', 'financial', 'fintech', 'c++', 'node', 'leader', 'senior', 'ops', 'backend', 'digital nomad']",Worldwide,62500,125000,https://remoteOK.com/remote-jobs/remote-senior-backend-developer-node-tether-operations-limited-1093406
1093403,2025-06-17 21:00:05+00:00,Liatrio,Enterprise Cloud Architect,"['architect', 'consulting', 'technical', 'support', 'developer', 'software', 'testing', 'director', 'code', 'travel', 'devops', 'financial', 'cloud', 'microsoft', 'management', 'lead', 'healthcare', 'digital nomad']",Remote,100000,130000,https://remoteOK.com/remote-jobs/remote-enterprise-cloud-architect-liatrio-1093403
1093402,2025-06-17 15:37:23+00:00,Melapress,Senior Wordpress Plugins Developer,"['dev', 'wordpress', 'php', 'javascript', 'java']",Worldwide,40000,60000,https://remoteOK.com/remote-jobs/remote-senior-wordpress-plugins-developer-melapress-1093402
1093400,2025-06-17 14:32:25+00:00,Lemon.Io,Senior Ai Engineer Python & Llm Engineer,"['python', 'aws', 'gcp', 'azure', 'openai', 'llm', 'javascript', 'react', 'ruby', 'react native', 'node', 'blockchain', 'svelte', 'ui/ux', 'design', 'product design', 'shopify', 'typescript', 'figma', 'wordpress', 'engineer', 'senior', 'dev', 'english', 'backend', 'full time', 'remote']",Worldwide,60000,180000,https://remoteOK.com/remote-jobs/remote-senior-ai-engineer-python-llm-engineer-lemon-io-1093400
1093398,2025-06-17 12:15:02+00:00,Salesforge,Senior Golang Backend Engineer,"['golang', 'software', 'senior', 'sales', 'golang', 'engineer', 'backend']",Worldwide,60000,100000,https://remoteOK.com/remote-jobs/remote-senior-golang-backend-engineer-salesforge-1093398
1093399,2025-06-17 12:15:02+00:00,Autopilot,Opportunity For Golang Experts > Who Can Think And Work Full Stack,"['golang', 'code', 'fintech', 'golang', 'engineer']",Worldwide,50000,100000,https://remoteOK.com/remote-jobs/remote-opportunity-for-golang-experts-who-can-think-and-work-full-stack-autopilot-1093399
1093391,2025-06-16 22:15:02+00:00,Canva,Senior Platform Engineer Open Across Anz,"['golang', 'senior', 'engineer']",Worldwide,65000,125000,https://remoteOK.com/remote-jobs/remote-senior-platform-engineer-open-across-anz-canva-1093391
1093389,2025-06-16 18:00:04+00:00,Magnet Forensics,Senior Software Engineer,"['software', 'reactjs', 'embedded', 'frontend', 'security', 'testing', 'code', 'git', 'postgresql', 'api', 'leader', 'senior', 'sales', 'engineer', 'engineering', 'recruitment', 'linux']",Canada,75000,117500,https://remoteOK.com/remote-jobs/remote-senior-software-engineer-magnet-forensics-1093389
1093388,2025-06-16 16:01:12+00:00,Transperfect,Freelance English Annotators,"['voice', 'speech']",Worldwide,0,0,https://remoteOK.com/remote-jobs/remote-freelance-english-annotators-transperfect-1093388
1093387,2025-06-16 14:15:02+00:00,Jumpcloud,Principal Software Engineer,"['golang', 'software', 'engineer']",Worldwide,60000,115000,https://remoteOK.com/remote-jobs/remote-principal-software-engineer-jumpcloud-1093387
1093385,2025-06-16 08:01:35+00:00,Foodsmart,Registered Dietitian,"['system', 'founder', 'support', 'financial', 'video', 'health']",Us,60000,70000,https://remoteOK.com/remote-jobs/remote-registered-dietitian-foodsmart-1093385
1093384,2025-06-16 00:02:23+00:00,Sprinto,Market Research Executive,"['security', 'growth', 'investment', 'operational', 'sales', 'executive']",Bengaluru,55000,75000,https://remoteOK.com/remote-jobs/remote-market-research-executive-sprinto-1093384
1093383,2025-06-16 00:02:15+00:00,Sprinto,Lifecycle Marketer,"['security', 'technical', 'copywriting', 'content', 'marketer', 'marketing', 'health']",India,35000,65000,https://remoteOK.com/remote-jobs/remote-lifecycle-marketer-sprinto-1093383
1093382,2025-06-16 00:02:03+00:00,Meeting Tomorrow,Creative Event Producer Fully,"['design', 'training', 'technical', 'support', 'travel', 'strategy', 'management', 'lead', 'sales', 'branding', 'digital nomad']",Remote - United States Only,102500,127500,https://remoteOK.com/remote-jobs/remote-creative-event-producer-fully-meeting-tomorrow-1093382
1093381,2025-06-16 00:01:56+00:00,"Swiftly, Inc.",Account Executive,"['saas', 'salesforce', 'training', 'support', 'growth', 'travel', 'strategy', 'sales', 'executive']",Remote,50000,75000,https://remoteOK.com/remote-jobs/remote-account-executive-swiftly-inc-1093381
1093380,2025-06-15 18:15:03+00:00,Paynearme,Site Reliability Engineer,"['golang', 'reliability', 'engineer']",Worldwide,60000,115000,https://remoteOK.com/remote-jobs/remote-site-reliability-engineer-paynearme-1093380
1093376,2025-06-15 10:15:02+00:00,Qad,Senior Golang Software Engineer,"['golang', 'software', 'saas', 'senior', 'golang', 'engineer']",Worldwide,50000,100000,https://remoteOK.com/remote-jobs/remote-senior-golang-software-engineer-qad-1093376
1093373,2025-06-14 16:01:18+00:00,Tether Operations Limited,Event Assistant,"['assistant', 'bitcoin', 'support', 'growth', 'travel', 'manager', 'financial', 'fintech', 'microsoft', 'leader', 'management', 'ops', 'executive']",Worldwide,80000,120000,https://remoteOK.com/remote-jobs/remote-event-assistant-tether-operations-limited-1093373
1093372,2025-06-14 16:01:03+00:00,Vida Health,Staff Physician,"['system', 'training', 'recruiter', 'support', 'test', 'education', 'management', 'medical', 'healthcare', 'recruitment']",United States,0,0,https://remoteOK.com/remote-jobs/remote-staff-physician-vida-health-1093372
